Salad,Life
Cowboy Cavar,7
Ham and Cheese,5
Cherry Cheesecake,7
Potato Salad,7
Dill Potato Salad,5
Coleslaw,7
Italian Pasta,7
Parmasan Bowtie,5
Macaroni Salad,7
Three Bean Salad,7
Beets and Onion,7
Blueberry Cheese Cake,7
Cherry Cheese Cake,7
Parmesan Peppercorn,7
Spring Pasta Salad,7
Steak House Potato Salad,7
Strawberry Supprise,7
Brocoli Bacon,5
Brocoli Chedder,5
Pepper Slaw,7
Summer Fresh,7
Rice Pudding,7
Fruit Salad,7
Cranberry Orange Relish,7
Seafood Macaroni,7
Develed Egg Potato Salad,7
Mushroom Salad,7
Jalapeno Popper,7
Cranberry Walnut,5
Oriental Crunch ,5
Pistachio Pineapple,7
Egg Salad,7
Ham Salad,7
Honey Chicken Salad,7
Cucumber and Onion,7
Seafood Supream,7
Lemon Garlic Shrimp Salad,5
Tuna Macaroni,5
